{
	"id": 74,
	"code": "apprenticeships-starts-ni",
	"areacd": [
		"N92000002",
		"N09000001",
		"N09000002",
		"N09000003",
		"N09000004",
		"N09000005",
		"N09000006",
		"N09000007",
		"N09000008",
		"N09000009",
		"N09000010",
		"N09000011",
		"N92000002",
		"N09000001",
		"N09000002",
		"N09000003",
		"N09000004",
		"N09000005",
		"N09000006",
		"N09000007",
		"N09000008",
		"N09000009",
		"N09000010",
		"N09000011",
		"N92000002",
		"N09000001",
		"N09000002",
		"N09000003",
		"N09000004",
		"N09000005",
		"N09000006",
		"N09000007",
		"N09000008",
		"N09000009",
		"N09000010",
		"N09000011",
		"N92000002",
		"N09000001",
		"N09000002",
		"N09000003",
		"N09000004",
		"N09000005",
		"N09000006",
		"N09000007",
		"N09000008",
		"N09000009",
		"N09000010",
		"N09000011"
	],
	"value": [
		501.45477278902234,
		455.2664294594247,
		536.6276143771726,
		342.23134839151265,
		524.0373661426293,
		750.1030130258921,
		635.9127953033608,
		332.4546233020468,
		454.9228839460806,
		685.6876714219178,
		582.3317180895581,
		384.5322641945316,
		416.5091488343239,
		320.4189563989044,
		367.69255245806005,
		305.9949144507176,
		349.54951805860196,
		835.2136867275116,
		722.4740650335629,
		285.5067322149578,
		267.6118741692512,
		649.3506493506494,
		388.9289603575318,
		296.20186719658057,
		343.49506225848006,
		329.8844105805446,
		341.58433456287884,
		275.77428935086976,
		322.1453136563493,
		534.0981731319181,
		360.3937110753016,
		277.66691857651125,
		335.18958606746355,
		456.6369213608477,
		366.70047593040493,
		256.1263154722894,
		426.8864960546757,
		453.8696982947093,
		333.7707707887657,
		342.003940637371,
		431.64084685487603,
		679.3972570287581,
		527.519672543805,
		321.14582081093613,
		439.5545609358144,
		606.8163656002739,
		430.4919908466819,
		299.7624667035994
	],
	"lci": [
		null,
		null,
		null,
		null,
		null,
		null,
		null,
		null,
		null,
		null,
		null,
		null,
		null,
		null,
		null,
		null,
		null,
		null,
		null,
		null,
		null,
		null,
		null,
		null,
		null,
		null,
		null,
		null,
		null,
		null,
		null,
		null,
		null,
		null,
		null,
		null,
		null,
		null,
		null,
		null,
		null,
		null,
		null,
		null,
		null,
		null,
		null,
		null
	],
	"uci": [
		null,
		null,
		null,
		null,
		null,
		null,
		null,
		null,
		null,
		null,
		null,
		null,
		null,
		null,
		null,
		null,
		null,
		null,
		null,
		null,
		null,
		null,
		null,
		null,
		null,
		null,
		null,
		null,
		null,
		null,
		null,
		null,
		null,
		null,
		null,
		null,
		null,
		null,
		null,
		null,
		null,
		null,
		null,
		null,
		null,
		null,
		null,
		null
	],
	"xDomainNumb": [
		2021,
		2021,
		2021,
		2021,
		2021,
		2021,
		2021,
		2021,
		2021,
		2021,
		2021,
		2021,
		2020,
		2020,
		2020,
		2020,
		2020,
		2020,
		2020,
		2020,
		2020,
		2020,
		2020,
		2020,
		2019,
		2019,
		2019,
		2019,
		2019,
		2019,
		2019,
		2019,
		2019,
		2019,
		2019,
		2019,
		2018,
		2018,
		2018,
		2018,
		2018,
		2018,
		2018,
		2018,
		2018,
		2018,
		2018,
		2018
	]
}