{
	"id": 74,
	"code": "apprenticeships-starts-ni",
	"areacd": [
		"N92000002",
		"N09000001",
		"N09000002",
		"N09000003",
		"N09000004",
		"N09000005",
		"N09000006",
		"N09000007",
		"N09000008",
		"N09000009",
		"N09000010",
		"N09000011",
		"N92000002",
		"N09000001",
		"N09000002",
		"N09000003",
		"N09000004",
		"N09000005",
		"N09000006",
		"N09000007",
		"N09000008",
		"N09000009",
		"N09000010",
		"N09000011",
		"N92000002",
		"N09000001",
		"N09000002",
		"N09000003",
		"N09000004",
		"N09000005",
		"N09000006",
		"N09000007",
		"N09000008",
		"N09000009",
		"N09000010",
		"N09000011",
		"N92000002",
		"N09000001",
		"N09000002",
		"N09000003",
		"N09000004",
		"N09000005",
		"N09000006",
		"N09000007",
		"N09000008",
		"N09000009",
		"N09000010",
		"N09000011",
		"N92000002",
		"N09000001",
		"N09000002",
		"N09000003",
		"N09000004",
		"N09000005",
		"N09000006",
		"N09000007",
		"N09000008",
		"N09000009",
		"N09000010",
		"N09000011"
	],
	"value": [
		443.751863,
		412.3976508,
		448.8477429,
		308.1873923,
		475.8399495,
		712.2614933,
		559.950516,
		290.4780295,
		419.5890677,
		556.3126391,
		497.9358169,
		347.2713859,
		380.0952191,
		303.1921308,
		311.7137183,
		280.8544872,
		332.0720422,
		809.9552083,
		684.3344085,
		239.0485361,
		236.597253,
		592.9231197,
		335.893193,
		258.70796,
		295.3818629,
		286.5924932,
		273.3860733,
		247.0103478,
		291.6721083,
		479.4267066,
		311.3975872,
		235.2102032,
		295.2860639,
		378.2069158,
		299.3183769,
		214.6941174,
		388.4493311,
		427.6344556,
		279.8401256,
		322.1199906,
		414.1655089,
		632.8631983,
		467.325519,
		282.5052809,
		421.7227329,
		536.5626619,
		366.1327231,
		273.2012355,
		380.0207663,
		386.0969826,
		334.9881182,
		340.7086886,
		333.5843242,
		572.1066237,
		396.5202873,
		319.6386693,
		382.8333244,
		510.1364195,
		367.6338338,
		281.1005698
	],
	"lci": [
		null,
		null,
		null,
		null,
		null,
		null,
		null,
		null,
		null,
		null,
		null,
		null,
		null,
		null,
		null,
		null,
		null,
		null,
		null,
		null,
		null,
		null,
		null,
		null,
		null,
		null,
		null,
		null,
		null,
		null,
		null,
		null,
		null,
		null,
		null,
		null,
		null,
		null,
		null,
		null,
		null,
		null,
		null,
		null,
		null,
		null,
		null,
		null,
		null,
		null,
		null,
		null,
		null,
		null,
		null,
		null,
		null,
		null,
		null,
		null
	],
	"uci": [
		null,
		null,
		null,
		null,
		null,
		null,
		null,
		null,
		null,
		null,
		null,
		null,
		null,
		null,
		null,
		null,
		null,
		null,
		null,
		null,
		null,
		null,
		null,
		null,
		null,
		null,
		null,
		null,
		null,
		null,
		null,
		null,
		null,
		null,
		null,
		null,
		null,
		null,
		null,
		null,
		null,
		null,
		null,
		null,
		null,
		null,
		null,
		null,
		null,
		null,
		null,
		null,
		null,
		null,
		null,
		null,
		null,
		null,
		null,
		null
	],
	"xDomainNumb": [
		2021,
		2021,
		2021,
		2021,
		2021,
		2021,
		2021,
		2021,
		2021,
		2021,
		2021,
		2021,
		2020,
		2020,
		2020,
		2020,
		2020,
		2020,
		2020,
		2020,
		2020,
		2020,
		2020,
		2020,
		2019,
		2019,
		2019,
		2019,
		2019,
		2019,
		2019,
		2019,
		2019,
		2019,
		2019,
		2019,
		2018,
		2018,
		2018,
		2018,
		2018,
		2018,
		2018,
		2018,
		2018,
		2018,
		2018,
		2018,
		2017,
		2017,
		2017,
		2017,
		2017,
		2017,
		2017,
		2017,
		2017,
		2017,
		2017,
		2017
	]
}