{
	"id": 74,
	"code": "apprenticeships-ni",
	"areacd": [
		"N92000002",
		"N09000001",
		"N09000002",
		"N09000003",
		"N09000004",
		"N09000005",
		"N09000006",
		"N09000007",
		"N09000008",
		"N09000009",
		"N09000010",
		"N09000011",
		"N92000002",
		"N09000001",
		"N09000002",
		"N09000003",
		"N09000004",
		"N09000005",
		"N09000006",
		"N09000007",
		"N09000008",
		"N09000009",
		"N09000010",
		"N09000011",
		"N92000002",
		"N09000001",
		"N09000002",
		"N09000003",
		"N09000004",
		"N09000005",
		"N09000006",
		"N09000007",
		"N09000008",
		"N09000009",
		"N09000010",
		"N09000011",
		"N92000002",
		"N09000001",
		"N09000002",
		"N09000003",
		"N09000004",
		"N09000005",
		"N09000006",
		"N09000007",
		"N09000008",
		"N09000009",
		"N09000010",
		"N09000011"
	],
	"value": [
		408.64948445475267,
		386.3313902801757,
		516.1094897739255,
		259.57516316660394,
		355.8969041363129,
		466.0906436930532,
		517.4040849974509,
		291.0867237687366,
		387.95573777719,
		636.5700915284565,
		476.77648465243834,
		305.4444923378766,
		501.125041875826,
		455.2664294594247,
		536.6276143771726,
		342.23134839151265,
		524.0373661426293,
		750.1030130258921,
		635.9127953033608,
		332.4546233020468,
		454.9228839460806,
		685.6876714219178,
		582.3317180895581,
		384.5322641945316,
		416.1781131096106,
		320.4189563989044,
		367.69255245806005,
		305.9949144507176,
		349.54951805860196,
		835.2136867275116,
		722.4740650335629,
		285.5067322149578,
		267.6118741692512,
		649.3506493506494,
		388.9289603575318,
		296.20186719658057,
		343.1632470901469,
		329.8844105805446,
		341.58433456287884,
		275.77428935086976,
		322.1453136563493,
		534.0981731319181,
		360.3937110753016,
		277.66691857651125,
		335.18958606746355,
		456.6369213608477,
		366.70047593040493,
		256.1263154722894
	],
	"lci": [
		null,
		null,
		null,
		null,
		null,
		null,
		null,
		null,
		null,
		null,
		null,
		null,
		null,
		null,
		null,
		null,
		null,
		null,
		null,
		null,
		null,
		null,
		null,
		null,
		null,
		null,
		null,
		null,
		null,
		null,
		null,
		null,
		null,
		null,
		null,
		null,
		null,
		null,
		null,
		null,
		null,
		null,
		null,
		null,
		null,
		null,
		null,
		null
	],
	"uci": [
		null,
		null,
		null,
		null,
		null,
		null,
		null,
		null,
		null,
		null,
		null,
		null,
		null,
		null,
		null,
		null,
		null,
		null,
		null,
		null,
		null,
		null,
		null,
		null,
		null,
		null,
		null,
		null,
		null,
		null,
		null,
		null,
		null,
		null,
		null,
		null,
		null,
		null,
		null,
		null,
		null,
		null,
		null,
		null,
		null,
		null,
		null,
		null
	],
	"xDomainNumb": [
		2022,
		2022,
		2022,
		2022,
		2022,
		2022,
		2022,
		2022,
		2022,
		2022,
		2022,
		2022,
		2021,
		2021,
		2021,
		2021,
		2021,
		2021,
		2021,
		2021,
		2021,
		2021,
		2021,
		2021,
		2020,
		2020,
		2020,
		2020,
		2020,
		2020,
		2020,
		2020,
		2020,
		2020,
		2020,
		2020,
		2019,
		2019,
		2019,
		2019,
		2019,
		2019,
		2019,
		2019,
		2019,
		2019,
		2019,
		2019
	]
}