{
	"id": 69,
	"code": "homicide-offences",
	"areacd": [
		"K04000001",
		"E92000001",
		"E12000001",
		"E12000002",
		"E12000003",
		"E12000004",
		"E12000005",
		"E12000006",
		"E12000007",
		"E12000008",
		"E12000009",
		"W92000004"
	],
	"value": [
		10.16149307,
		10.2514884,
		10.78463621,
		11.66033962,
		10.67364529,
		9.298655093,
		13.15023064,
		9.280080365,
		14.06240036,
		5.970082478,
		8.370001843,
		7.888784345
	],
	"lci": [
		null,
		null,
		null,
		null,
		null,
		null,
		null,
		null,
		null,
		null,
		null,
		null
	],
	"uci": [
		null,
		null,
		null,
		null,
		null,
		null,
		null,
		null,
		null,
		null,
		null,
		null
	],
	"xDomainNumb": [
		2020,
		2020,
		2020,
		2020,
		2020,
		2020,
		2020,
		2020,
		2020,
		2020,
		2020,
		2020
	]
}