{
	"id": 69,
	"code": "homicide-offences",
	"areacd": [
		"K04000001",
		"E92000001",
		"E12000001",
		"E12000002",
		"E12000003",
		"E12000004",
		"E12000005",
		"E12000006",
		"E12000007",
		"E12000008",
		"E12000009",
		"W92000004",
		"N92000002",
		"K04000001",
		"E92000001",
		"E12000001",
		"E12000002",
		"E12000003",
		"E12000004",
		"E12000005",
		"E12000006",
		"E12000007",
		"E12000008",
		"E12000009",
		"W92000004",
		"N92000002",
		"K04000001",
		"E92000001",
		"E12000001",
		"E12000002",
		"E12000003",
		"E12000004",
		"E12000005",
		"E12000006",
		"E12000007",
		"E12000008",
		"E12000009",
		"W92000004",
		"N92000002",
		"K04000001",
		"E92000001",
		"E12000001",
		"E12000002",
		"E12000003",
		"E12000004",
		"E12000005",
		"E12000006",
		"E12000007",
		"E12000008",
		"E12000009",
		"W92000004",
		"N92000002",
		"K04000001",
		"E92000001",
		"E12000001",
		"E12000002",
		"E12000003",
		"E12000004",
		"E12000005",
		"E12000006",
		"E12000007",
		"E12000008",
		"E12000009",
		"W92000004",
		"N92000002",
		"K04000001",
		"E92000001",
		"E12000001",
		"E12000002",
		"E12000003",
		"E12000004",
		"E12000005",
		"E12000006",
		"E12000007",
		"E12000008",
		"E12000009",
		"W92000004",
		"N92000002",
		"K04000001",
		"E92000001",
		"E12000001",
		"E12000002",
		"E12000003",
		"E12000004",
		"E12000005",
		"E12000006",
		"E12000007",
		"E12000008",
		"E12000009",
		"W92000004",
		"N92000002",
		"K04000001",
		"E92000001",
		"E12000001",
		"E12000002",
		"E12000003",
		"E12000004",
		"E12000005",
		"E12000006",
		"E12000007",
		"E12000008",
		"E12000009",
		"W92000004",
		"N92000002",
		"K04000001",
		"E92000001",
		"E12000001",
		"E12000002",
		"E12000003",
		"E12000004",
		"E12000005",
		"E12000006",
		"E12000007",
		"E12000008",
		"E12000009",
		"W92000004",
		"N92000002"
	],
	"value": [
		10.130817907129714,
		10.167060444738507,
		11.558241044507058,
		10.511304442236924,
		11.074571045449739,
		10.402245371946469,
		12.464629536252627,
		8.695989961390847,
		13.4926244766957,
		6.214078630749435,
		8.55451227112995,
		8.831639999370081,
		10.642698611511666,
		10.146295954982449,
		10.237841321274935,
		10.576043071690842,
		11.494110435772257,
		10.39680216253485,
		9.354934902285656,
		13.039576850620959,
		9.239360220501531,
		14.234710000152567,
		5.952490448493979,
		8.05206253581855,
		7.835225003512435,
		12.076254722865706,
		10.695977076440261,
		10.717378912836775,
		9.478938935158748,
		12.058632049811635,
		9.691894668488743,
		10.57227084208206,
		13.149190717885125,
		11.115029600117756,
		15.112200191992608,
		6.612270444462728,
		7.4767587603180745,
		9.663444766809803,
		11.575760987896489,
		10.51961007042272,
		10.569673509365407,
		10.745853238446184,
		13.35457933731499,
		9.576701848541349,
		9.496282102336478,
		12.385343387304719,
		10.466176796464792,
		14.773580443589127,
		6.526158474706241,
		6.9114721931979775,
		8.312465805538391,
		12.46585715848336,
		11.376917479455344,
		11.31882597203145,
		10.52207359898907,
		14.898615604235909,
		10.164313475020188,
		10.106986606789,
		12.678299912429171,
		10.527931403632982,
		16.113204506942544,
		7.977928459839054,
		6.536296081852965,
		10.809034623499706,
		13.607180491473688,
		11.510326170844062,
		11.5127388905306,
		10.417512295522972,
		15.256127706158734,
		16.642764954046314,
		10.115076081416737,
		12.240141789802495,
		8.651946642316542,
		14.85072157225311,
		7.395142372598903,
		7.235112082649137,
		9.519587524926715,
		13.154306773365873,
		10.988094896043057,
		10.924408626853563,
		8.147926626392993,
		12.947863010503482,
		15.963832735028603,
		10.214975929642064,
		11.928832584799087,
		8.440085537020732,
		14.410456227038338,
		7.364032438121049,
		7.2975329634388775,
		10.50750718058126,
		11.96829081731994,
		9.968657469759508,
		9.961926465802604,
		8.933799524517665,
		11.277173288803814,
		16.11694854589791,
		9.469616060468839,
		10.24966267317804,
		8.035076223356754,
		12.356307404141905,
		5.945985036780005,
		7.737080127090374,
		8.895429560835897,
		11.50080263023356,
		9.063883030972466,
		9.116493627095819,
		8.810633438575712,
		9.989129586457503,
		10.268036833501728,
		9.620985580942751,
		10.145390441852744,
		7.671690078291529,
		12.362734646263553,
		5.846684199223516,
		7.315659069877269,
		7.699511699136917,
		12.116700828529153
	],
	"lci": [
		null,
		null,
		null,
		null,
		null,
		null,
		null,
		null,
		null,
		null,
		null,
		null,
		null,
		null,
		null,
		null,
		null,
		null,
		null,
		null,
		null,
		null,
		null,
		null,
		null,
		null,
		null,
		null,
		null,
		null,
		null,
		null,
		null,
		null,
		null,
		null,
		null,
		null,
		null,
		null,
		null,
		null,
		null,
		null,
		null,
		null,
		null,
		null,
		null,
		null,
		null,
		null,
		null,
		null,
		null,
		null,
		null,
		null,
		null,
		null,
		null,
		null,
		null,
		null,
		null,
		null,
		null,
		null,
		null,
		null,
		null,
		null,
		null,
		null,
		null,
		null,
		null,
		null,
		null,
		null,
		null,
		null,
		null,
		null,
		null,
		null,
		null,
		null,
		null,
		null,
		null,
		null,
		null,
		null,
		null,
		null,
		null,
		null,
		null,
		null,
		null,
		null,
		null,
		null,
		null,
		null,
		null,
		null,
		null,
		null,
		null,
		null,
		null,
		null,
		null,
		null,
		null
	],
	"uci": [
		null,
		null,
		null,
		null,
		null,
		null,
		null,
		null,
		null,
		null,
		null,
		null,
		null,
		null,
		null,
		null,
		null,
		null,
		null,
		null,
		null,
		null,
		null,
		null,
		null,
		null,
		null,
		null,
		null,
		null,
		null,
		null,
		null,
		null,
		null,
		null,
		null,
		null,
		null,
		null,
		null,
		null,
		null,
		null,
		null,
		null,
		null,
		null,
		null,
		null,
		null,
		null,
		null,
		null,
		null,
		null,
		null,
		null,
		null,
		null,
		null,
		null,
		null,
		null,
		null,
		null,
		null,
		null,
		null,
		null,
		null,
		null,
		null,
		null,
		null,
		null,
		null,
		null,
		null,
		null,
		null,
		null,
		null,
		null,
		null,
		null,
		null,
		null,
		null,
		null,
		null,
		null,
		null,
		null,
		null,
		null,
		null,
		null,
		null,
		null,
		null,
		null,
		null,
		null,
		null,
		null,
		null,
		null,
		null,
		null,
		null,
		null,
		null,
		null,
		null,
		null,
		null
	],
	"xDomainNumb": [
		2021,
		2021,
		2021,
		2021,
		2021,
		2021,
		2021,
		2021,
		2021,
		2021,
		2021,
		2021,
		2021,
		2020,
		2020,
		2020,
		2020,
		2020,
		2020,
		2020,
		2020,
		2020,
		2020,
		2020,
		2020,
		2020,
		2019,
		2019,
		2019,
		2019,
		2019,
		2019,
		2019,
		2019,
		2019,
		2019,
		2019,
		2019,
		2019,
		2018,
		2018,
		2018,
		2018,
		2018,
		2018,
		2018,
		2018,
		2018,
		2018,
		2018,
		2018,
		2018,
		2017,
		2017,
		2017,
		2017,
		2017,
		2017,
		2017,
		2017,
		2017,
		2017,
		2017,
		2017,
		2017,
		2016,
		2016,
		2016,
		2016,
		2016,
		2016,
		2016,
		2016,
		2016,
		2016,
		2016,
		2016,
		2016,
		2015,
		2015,
		2015,
		2015,
		2015,
		2015,
		2015,
		2015,
		2015,
		2015,
		2015,
		2015,
		2015,
		2014,
		2014,
		2014,
		2014,
		2014,
		2014,
		2014,
		2014,
		2014,
		2014,
		2014,
		2014,
		2014,
		2013,
		2013,
		2013,
		2013,
		2013,
		2013,
		2013,
		2013,
		2013,
		2013,
		2013,
		2013,
		2013
	]
}