{
	"id": 69,
	"code": "homicide-offences",
	"areacd": [
		"K04000001",
		"E92000001",
		"E12000001",
		"E12000002",
		"E12000003",
		"E12000004",
		"E12000005",
		"E12000006",
		"E12000007",
		"E12000008",
		"E12000009",
		"W92000004",
		"N92000002",
		"K04000001",
		"E92000001",
		"E12000001",
		"E12000002",
		"E12000003",
		"E12000004",
		"E12000005",
		"E12000006",
		"E12000007",
		"E12000008",
		"E12000009",
		"W92000004",
		"N92000002",
		"K04000001",
		"E92000001",
		"E12000001",
		"E12000002",
		"E12000003",
		"E12000004",
		"E12000005",
		"E12000006",
		"E12000007",
		"E12000008",
		"E12000009",
		"W92000004",
		"N92000002",
		"K04000001",
		"E92000001",
		"E12000001",
		"E12000002",
		"E12000003",
		"E12000004",
		"E12000005",
		"E12000006",
		"E12000007",
		"E12000008",
		"E12000009",
		"W92000004",
		"N92000002",
		"K04000001",
		"E92000001",
		"E12000001",
		"E12000002",
		"E12000003",
		"E12000004",
		"E12000005",
		"E12000006",
		"E12000007",
		"E12000008",
		"E12000009",
		"W92000004",
		"N92000002",
		"K04000001",
		"E92000001",
		"E12000001",
		"E12000002",
		"E12000003",
		"E12000004",
		"E12000005",
		"E12000006",
		"E12000007",
		"E12000008",
		"E12000009",
		"W92000004",
		"N92000002",
		"K04000001",
		"E92000001",
		"E12000001",
		"E12000002",
		"E12000003",
		"E12000004",
		"E12000005",
		"E12000006",
		"E12000007",
		"E12000008",
		"E12000009",
		"W92000004",
		"N92000002",
		"K04000001",
		"E92000001",
		"E12000001",
		"E12000002",
		"E12000003",
		"E12000004",
		"E12000005",
		"E12000006",
		"E12000007",
		"E12000008",
		"E12000009",
		"W92000004",
		"N92000002",
		"K04000001",
		"E92000001",
		"E12000001",
		"E12000002",
		"E12000003",
		"E12000004",
		"E12000005",
		"E12000006",
		"E12000007",
		"E12000008",
		"E12000009",
		"W92000004",
		"N92000002"
	],
	"value": [
		9.10532152687917,
		9.131321347078762,
		10.887629267660133,
		9.343803458071799,
		9.684183334304722,
		8.526099790271267,
		10.918301190946456,
		7.802857118803222,
		12.667081865461146,
		5.841542799724839,
		7.54697304632881,
		7.261634480261141,
		9.025981983445655,
		10.058850468706765,
		10.103061434692474,
		11.174907415892058,
		10.407967985976258,
		11.008668333727961,
		10.196618490683026,
		12.457948195864859,
		8.694501357852035,
		13.676958653201323,
		5.997393085821986,
		8.551373125183668,
		8.614649498627399,
		10.293757673429317,
		10.101598615973716,
		10.202477447971741,
		10.324232522364868,
		11.404312697992786,
		10.39680216253485,
		9.286650705918609,
		13.095540699765253,
		9.239360220501531,
		14.31042654270657,
		5.844915319906739,
		7.9937142565734876,
		7.620561304786068,
		11.72621835408699,
		10.67354188592859,
		10.699625110109823,
		9.352553082689965,
		12.013468633894739,
		9.691894668488743,
		10.50361973271789,
		13.261576963337134,
		11.115029600117756,
		15.07460765420158,
		6.612270444462728,
		7.4178866440950975,
		9.556073158289694,
		11.224980351899625,
		10.51961007042272,
		10.569673509365407,
		10.745853238446184,
		13.264039816384042,
		9.576701848541349,
		9.496282102336478,
		12.497937418098397,
		10.466176796464792,
		14.811076840654072,
		6.526158474706241,
		6.852399781290302,
		8.312465805538391,
		12.290281705546972,
		11.382566395780792,
		11.336707213693426,
		10.52207359898907,
		14.80749257301734,
		10.164313475020188,
		10.106986606789,
		12.734899465609658,
		10.527931403632982,
		16.26414787468908,
		7.977928459839054,
		6.536296081852965,
		10.592853931029712,
		13.25374723195489,
		11.516004674135056,
		11.530718180833354,
		10.417512295522972,
		15.210313508842942,
		16.642764954046314,
		10.115076081416737,
		12.240141789802495,
		8.651946642316542,
		15.002647112634214,
		7.395142372598903,
		7.235112082649137,
		9.303233262996564,
		12.976545871023088,
		10.993805964076342,
		10.942495396103322,
		8.147926626392993,
		12.947863010503482,
		15.963832735028603,
		10.214975929642064,
		11.928832584799087,
		8.440085537020732,
		14.52482492725293,
		7.364032438121049,
		7.2975329634388775,
		10.290857547991955,
		11.789659611091283,
		9.968657469759508,
		9.961926465802604,
		8.933799524517665,
		11.277173288803814,
		16.11694854589791,
		9.469616060468839,
		10.24966267317804,
		8.035076223356754,
		12.356307404141905,
		5.945985036780005,
		7.737080127090374,
		8.895429560835897,
		11.321102589136164
	],
	"lci": [
		null,
		null,
		null,
		null,
		null,
		null,
		null,
		null,
		null,
		null,
		null,
		null,
		null,
		null,
		null,
		null,
		null,
		null,
		null,
		null,
		null,
		null,
		null,
		null,
		null,
		null,
		null,
		null,
		null,
		null,
		null,
		null,
		null,
		null,
		null,
		null,
		null,
		null,
		null,
		null,
		null,
		null,
		null,
		null,
		null,
		null,
		null,
		null,
		null,
		null,
		null,
		null,
		null,
		null,
		null,
		null,
		null,
		null,
		null,
		null,
		null,
		null,
		null,
		null,
		null,
		null,
		null,
		null,
		null,
		null,
		null,
		null,
		null,
		null,
		null,
		null,
		null,
		null,
		null,
		null,
		null,
		null,
		null,
		null,
		null,
		null,
		null,
		null,
		null,
		null,
		null,
		null,
		null,
		null,
		null,
		null,
		null,
		null,
		null,
		null,
		null,
		null,
		null,
		null,
		null,
		null,
		null,
		null,
		null,
		null,
		null,
		null,
		null,
		null,
		null,
		null,
		null
	],
	"uci": [
		null,
		null,
		null,
		null,
		null,
		null,
		null,
		null,
		null,
		null,
		null,
		null,
		null,
		null,
		null,
		null,
		null,
		null,
		null,
		null,
		null,
		null,
		null,
		null,
		null,
		null,
		null,
		null,
		null,
		null,
		null,
		null,
		null,
		null,
		null,
		null,
		null,
		null,
		null,
		null,
		null,
		null,
		null,
		null,
		null,
		null,
		null,
		null,
		null,
		null,
		null,
		null,
		null,
		null,
		null,
		null,
		null,
		null,
		null,
		null,
		null,
		null,
		null,
		null,
		null,
		null,
		null,
		null,
		null,
		null,
		null,
		null,
		null,
		null,
		null,
		null,
		null,
		null,
		null,
		null,
		null,
		null,
		null,
		null,
		null,
		null,
		null,
		null,
		null,
		null,
		null,
		null,
		null,
		null,
		null,
		null,
		null,
		null,
		null,
		null,
		null,
		null,
		null,
		null,
		null,
		null,
		null,
		null,
		null,
		null,
		null,
		null,
		null,
		null,
		null,
		null,
		null
	],
	"xDomainNumb": [
		2022,
		2022,
		2022,
		2022,
		2022,
		2022,
		2022,
		2022,
		2022,
		2022,
		2022,
		2022,
		2022,
		2021,
		2021,
		2021,
		2021,
		2021,
		2021,
		2021,
		2021,
		2021,
		2021,
		2021,
		2021,
		2021,
		2020,
		2020,
		2020,
		2020,
		2020,
		2020,
		2020,
		2020,
		2020,
		2020,
		2020,
		2020,
		2020,
		2019,
		2019,
		2019,
		2019,
		2019,
		2019,
		2019,
		2019,
		2019,
		2019,
		2019,
		2019,
		2019,
		2018,
		2018,
		2018,
		2018,
		2018,
		2018,
		2018,
		2018,
		2018,
		2018,
		2018,
		2018,
		2018,
		2017,
		2017,
		2017,
		2017,
		2017,
		2017,
		2017,
		2017,
		2017,
		2017,
		2017,
		2017,
		2017,
		2016,
		2016,
		2016,
		2016,
		2016,
		2016,
		2016,
		2016,
		2016,
		2016,
		2016,
		2016,
		2016,
		2015,
		2015,
		2015,
		2015,
		2015,
		2015,
		2015,
		2015,
		2015,
		2015,
		2015,
		2015,
		2015,
		2014,
		2014,
		2014,
		2014,
		2014,
		2014,
		2014,
		2014,
		2014,
		2014,
		2014,
		2014,
		2014
	]
}