{
	"id": 69,
	"code": "homicide-offences",
	"areacd": [
		"K04000001",
		"E92000001",
		"E12000001",
		"E12000002",
		"E12000003",
		"E12000004",
		"E12000005",
		"E12000006",
		"E12000007",
		"E12000008",
		"E12000009",
		"W92000004",
		"N92000002",
		"K04000001",
		"E92000001",
		"E12000001",
		"E12000002",
		"E12000003",
		"E12000004",
		"E12000005",
		"E12000006",
		"E12000007",
		"E12000008",
		"E12000009",
		"W92000004",
		"N92000002",
		"K04000001",
		"E92000001",
		"E12000001",
		"E12000002",
		"E12000003",
		"E12000004",
		"E12000005",
		"E12000006",
		"E12000007",
		"E12000008",
		"E12000009",
		"W92000004",
		"N92000002",
		"K04000001",
		"E92000001",
		"E12000001",
		"E12000002",
		"E12000003",
		"E12000004",
		"E12000005",
		"E12000006",
		"E12000007",
		"E12000008",
		"E12000009",
		"W92000004",
		"N92000002",
		"K04000001",
		"E92000001",
		"E12000001",
		"E12000002",
		"E12000003",
		"E12000004",
		"E12000005",
		"E12000006",
		"E12000007",
		"E12000008",
		"E12000009",
		"W92000004",
		"N92000002",
		"K04000001",
		"E92000001",
		"E12000001",
		"E12000002",
		"E12000003",
		"E12000004",
		"E12000005",
		"E12000006",
		"E12000007",
		"E12000008",
		"E12000009",
		"W92000004",
		"N92000002",
		"K04000001",
		"E92000001",
		"E12000001",
		"E12000002",
		"E12000003",
		"E12000004",
		"E12000005",
		"E12000006",
		"E12000007",
		"E12000008",
		"E12000009",
		"W92000004",
		"N92000002",
		"K04000001",
		"E92000001",
		"E12000001",
		"E12000002",
		"E12000003",
		"E12000004",
		"E12000005",
		"E12000006",
		"E12000007",
		"E12000008",
		"E12000009",
		"W92000004",
		"N92000002",
		"K04000001",
		"E92000001",
		"E12000001",
		"E12000002",
		"E12000003",
		"E12000004",
		"E12000005",
		"E12000006",
		"E12000007",
		"E12000008",
		"E12000009",
		"W92000004",
		"N92000002"
	],
	"value": [
		9.165391817,
		9.211401529,
		9.219071647,
		10.83721573,
		9.809265395,
		9.700511897,
		10.15804569,
		7.537077396,
		12.48175087,
		5.637928593,
		7.628214944,
		7.923436592,
		11.82886866,
		9.063883031,
		9.116493627,
		8.810633439,
		9.989129586,
		10.26803683,
		9.620985581,
		10.14539044,
		7.671690078,
		12.36273465,
		5.846684199,
		7.31565907,
		7.699511699,
		12.11670083,
		9.96865747,
		9.961926466,
		8.933799525,
		11.27717329,
		16.11694855,
		9.46961606,
		10.24966267,
		8.035076223,
		12.3563074,
		5.945985037,
		7.737080127,
		8.895429561,
		11.50080263,
		10.9880949,
		10.92440863,
		8.147926626,
		12.94786301,
		15.96383274,
		10.21497593,
		11.92883258,
		8.440085537,
		14.41045623,
		7.364032438,
		7.297532963,
		10.50750718,
		11.96829082,
		11.51032617,
		11.51273889,
		10.4175123,
		15.25612771,
		16.64276495,
		10.11507608,
		12.24014179,
		8.651946642,
		14.85072157,
		7.395142373,
		7.235112083,
		9.519587525,
		13.15430677,
		11.37691748,
		11.31882597,
		10.5220736,
		14.8986156,
		10.16431348,
		10.10698661,
		12.67829991,
		10.5279314,
		16.11320451,
		7.97792846,
		6.536296082,
		10.80903462,
		13.60718049,
		10.53084897,
		10.58152956,
		10.74585324,
		13.3998491,
		9.637699949,
		9.496282102,
		12.38534339,
		10.4661768,
		14.77358044,
		6.526158475,
		6.911472193,
		8.312465806,
		12.64143261,
		10.75206505,
		10.77655826,
		9.605324788,
		12.14895888,
		9.813805293,
		10.50361973,
		13.26157696,
		11.1150296,
		15.14979273,
		6.612270444,
		7.653375109,
		9.663444767,
		11.75115131,
		10.23010347,
		10.32035703,
		10.82785362,
		11.62880704,
		10.70080223,
		9.286650706,
		13.15150455,
		9.239360221,
		14.15899346,
		5.952490448,
		8.343803932,
		7.942556853,
		12.25127291
	],
	"lci": [
		null,
		null,
		null,
		null,
		null,
		null,
		null,
		null,
		null,
		null,
		null,
		null,
		null,
		null,
		null,
		null,
		null,
		null,
		null,
		null,
		null,
		null,
		null,
		null,
		null,
		null,
		null,
		null,
		null,
		null,
		null,
		null,
		null,
		null,
		null,
		null,
		null,
		null,
		null,
		null,
		null,
		null,
		null,
		null,
		null,
		null,
		null,
		null,
		null,
		null,
		null,
		null,
		null,
		null,
		null,
		null,
		null,
		null,
		null,
		null,
		null,
		null,
		null,
		null,
		null,
		null,
		null,
		null,
		null,
		null,
		null,
		null,
		null,
		null,
		null,
		null,
		null,
		null,
		null,
		null,
		null,
		null,
		null,
		null,
		null,
		null,
		null,
		null,
		null,
		null,
		null,
		null,
		null,
		null,
		null,
		null,
		null,
		null,
		null,
		null,
		null,
		null,
		null,
		null,
		null,
		null,
		null,
		null,
		null,
		null,
		null,
		null,
		null,
		null,
		null,
		null,
		null
	],
	"uci": [
		null,
		null,
		null,
		null,
		null,
		null,
		null,
		null,
		null,
		null,
		null,
		null,
		null,
		null,
		null,
		null,
		null,
		null,
		null,
		null,
		null,
		null,
		null,
		null,
		null,
		null,
		null,
		null,
		null,
		null,
		null,
		null,
		null,
		null,
		null,
		null,
		null,
		null,
		null,
		null,
		null,
		null,
		null,
		null,
		null,
		null,
		null,
		null,
		null,
		null,
		null,
		null,
		null,
		null,
		null,
		null,
		null,
		null,
		null,
		null,
		null,
		null,
		null,
		null,
		null,
		null,
		null,
		null,
		null,
		null,
		null,
		null,
		null,
		null,
		null,
		null,
		null,
		null,
		null,
		null,
		null,
		null,
		null,
		null,
		null,
		null,
		null,
		null,
		null,
		null,
		null,
		null,
		null,
		null,
		null,
		null,
		null,
		null,
		null,
		null,
		null,
		null,
		null,
		null,
		null,
		null,
		null,
		null,
		null,
		null,
		null,
		null,
		null,
		null,
		null,
		null,
		null
	],
	"xDomainNumb": [
		2012,
		2012,
		2012,
		2012,
		2012,
		2012,
		2012,
		2012,
		2012,
		2012,
		2012,
		2012,
		2012,
		2013,
		2013,
		2013,
		2013,
		2013,
		2013,
		2013,
		2013,
		2013,
		2013,
		2013,
		2013,
		2013,
		2014,
		2014,
		2014,
		2014,
		2014,
		2014,
		2014,
		2014,
		2014,
		2014,
		2014,
		2014,
		2014,
		2015,
		2015,
		2015,
		2015,
		2015,
		2015,
		2015,
		2015,
		2015,
		2015,
		2015,
		2015,
		2015,
		2016,
		2016,
		2016,
		2016,
		2016,
		2016,
		2016,
		2016,
		2016,
		2016,
		2016,
		2016,
		2016,
		2017,
		2017,
		2017,
		2017,
		2017,
		2017,
		2017,
		2017,
		2017,
		2017,
		2017,
		2017,
		2017,
		2018,
		2018,
		2018,
		2018,
		2018,
		2018,
		2018,
		2018,
		2018,
		2018,
		2018,
		2018,
		2018,
		2019,
		2019,
		2019,
		2019,
		2019,
		2019,
		2019,
		2019,
		2019,
		2019,
		2019,
		2019,
		2019,
		2020,
		2020,
		2020,
		2020,
		2020,
		2020,
		2020,
		2020,
		2020,
		2020,
		2020,
		2020,
		2020
	]
}